sweep_type,experiment,model,model_label,parameter_name,parameter_value,n_trials,mean_accuracy,std_accuracy,ci95_accuracy_low,ci95_accuracy_high,mean_error_rate,std_error_rate,mean_latency_ms,std_latency_ms,median_latency_ms,p95_latency_ms,mean_inference_steps
inference_effort,inference_recovery,educational_evolving_memory_toy,Educational Evolving Toy [O(1)],inference_budget,1,30,0.1333,0.3457,0.0096,0.2571,0.8667,0.3457,22.443,2.174,22.627,25.752,1.0
inference_effort,inference_recovery,educational_evolving_memory_toy,Educational Evolving Toy [O(1)],inference_budget,2,30,0.1333,0.3457,0.0096,0.2571,0.8667,0.3457,21.89,1.418,21.919,24.169,2.0
inference_effort,inference_recovery,educational_evolving_memory_toy,Educational Evolving Toy [O(1)],inference_budget,3,30,0.1,0.3051,0.0,0.2092,0.9,0.3051,22.274,1.849,22.197,24.7,3.0
inference_effort,inference_recovery,educational_evolving_memory_toy,Educational Evolving Toy [O(1)],inference_budget,4,30,0.2333,0.4302,0.0794,0.3873,0.7667,0.4302,23.445,2.156,23.374,26.971,4.0
inference_effort,inference_recovery,educational_evolving_memory_toy,Educational Evolving Toy [O(1)],inference_budget,6,30,0.2,0.4068,0.0544,0.3456,0.8,0.4068,24.212,2.186,24.136,28.128,6.0
inference_effort,inference_recovery,educational_evolving_memory_toy,Educational Evolving Toy [O(1)],inference_budget,8,30,0.1,0.3051,0.0,0.2092,0.9,0.3051,25.337,1.723,25.202,28.813,8.0
inference_effort,inference_recovery,educational_evolving_memory_toy,Educational Evolving Toy [O(1)],inference_budget,12,30,0.1667,0.379,0.031,0.3023,0.8333,0.379,28.282,2.072,27.981,31.437,12.0
inference_effort,inference_recovery,educational_evolving_memory_toy,Educational Evolving Toy [O(1)],inference_budget,16,30,0.1667,0.379,0.031,0.3023,0.8333,0.379,31.103,2.351,30.664,35.075,16.0
inference_effort,inference_recovery,fixed_size_recurrent_memory,Fixed-Size Recurrent [O(d)],inference_budget,1,30,0.0333,0.1826,0.0,0.0987,0.9667,0.1826,18.036,2.359,17.547,21.816,1.0
inference_effort,inference_recovery,fixed_size_recurrent_memory,Fixed-Size Recurrent [O(d)],inference_budget,2,30,0.0667,0.2537,0.0,0.1575,0.9333,0.2537,18.778,1.982,18.624,21.997,1.0
inference_effort,inference_recovery,fixed_size_recurrent_memory,Fixed-Size Recurrent [O(d)],inference_budget,3,30,0.0333,0.1826,0.0,0.0987,0.9667,0.1826,17.645,1.617,17.862,20.206,1.0
inference_effort,inference_recovery,fixed_size_recurrent_memory,Fixed-Size Recurrent [O(d)],inference_budget,4,30,0.1,0.3051,0.0,0.2092,0.9,0.3051,18.186,1.82,18.355,20.406,1.0
inference_effort,inference_recovery,fixed_size_recurrent_memory,Fixed-Size Recurrent [O(d)],inference_budget,6,30,0.0333,0.1826,0.0,0.0987,0.9667,0.1826,18.752,1.875,19.023,21.525,1.0
inference_effort,inference_recovery,fixed_size_recurrent_memory,Fixed-Size Recurrent [O(d)],inference_budget,8,30,0.0,0.0,0.0,0.0,1.0,0.0,18.525,2.388,18.12,21.015,1.0
inference_effort,inference_recovery,fixed_size_recurrent_memory,Fixed-Size Recurrent [O(d)],inference_budget,12,30,0.0333,0.1826,0.0,0.0987,0.9667,0.1826,17.635,1.49,17.483,20.239,1.0
inference_effort,inference_recovery,fixed_size_recurrent_memory,Fixed-Size Recurrent [O(d)],inference_budget,16,30,0.0667,0.2537,0.0,0.1575,0.9333,0.2537,17.798,1.509,17.861,19.774,1.0
inference_effort,inference_recovery,full_history_reference_baseline,Full-History KV Cache [O(T)],inference_budget,1,30,1.0,0.0,1.0,1.0,0.0,0.0,4.618,3.829,2.671,11.93,1.0
inference_effort,inference_recovery,full_history_reference_baseline,Full-History KV Cache [O(T)],inference_budget,2,30,1.0,0.0,1.0,1.0,0.0,0.0,4.076,3.171,2.702,11.36,1.0
inference_effort,inference_recovery,full_history_reference_baseline,Full-History KV Cache [O(T)],inference_budget,3,30,1.0,0.0,1.0,1.0,0.0,0.0,4.982,3.655,2.841,11.329,1.0
inference_effort,inference_recovery,full_history_reference_baseline,Full-History KV Cache [O(T)],inference_budget,4,30,1.0,0.0,1.0,1.0,0.0,0.0,2.738,0.349,2.724,3.067,1.0
inference_effort,inference_recovery,full_history_reference_baseline,Full-History KV Cache [O(T)],inference_budget,6,30,1.0,0.0,1.0,1.0,0.0,0.0,6.963,5.816,2.95,16.359,1.0
inference_effort,inference_recovery,full_history_reference_baseline,Full-History KV Cache [O(T)],inference_budget,8,30,1.0,0.0,1.0,1.0,0.0,0.0,15.642,2.178,15.514,18.579,1.0
inference_effort,inference_recovery,full_history_reference_baseline,Full-History KV Cache [O(T)],inference_budget,12,30,1.0,0.0,1.0,1.0,0.0,0.0,13.713,4.39,14.435,19.295,1.0
inference_effort,inference_recovery,full_history_reference_baseline,Full-History KV Cache [O(T)],inference_budget,16,30,1.0,0.0,1.0,1.0,0.0,0.0,14.932,1.835,14.517,18.175,1.0
interference,interference,educational_evolving_memory_toy,Educational Evolving Toy [O(1)],num_overwrites,1,30,1.0,0.0,1.0,1.0,0.0,0.0,2.166,1.774,1.274,5.82,1.0
interference,interference,educational_evolving_memory_toy,Educational Evolving Toy [O(1)],num_overwrites,2,30,1.0,0.0,1.0,1.0,0.0,0.0,3.901,2.711,2.219,8.575,1.0
interference,interference,educational_evolving_memory_toy,Educational Evolving Toy [O(1)],num_overwrites,3,30,0.5333,0.5074,0.3518,0.7149,0.4667,0.5074,4.0,2.983,2.831,11.751,1.0
interference,interference,educational_evolving_memory_toy,Educational Evolving Toy [O(1)],num_overwrites,4,30,0.3333,0.4795,0.1618,0.5049,0.6667,0.4795,5.814,4.385,3.869,16.032,1.0
interference,interference,educational_evolving_memory_toy,Educational Evolving Toy [O(1)],num_overwrites,6,30,0.3333,0.4795,0.1618,0.5049,0.6667,0.4795,8.452,6.915,5.272,23.19,1.0
interference,interference,educational_evolving_memory_toy,Educational Evolving Toy [O(1)],num_overwrites,8,30,0.1,0.3051,0.0,0.2092,0.9,0.3051,9.152,7.169,5.524,27.179,1.0
interference,interference,educational_evolving_memory_toy,Educational Evolving Toy [O(1)],num_overwrites,10,30,0.3,0.4661,0.1332,0.4668,0.7,0.4661,11.235,9.846,6.952,35.895,1.0
interference,interference,fixed_size_recurrent_memory,Fixed-Size Recurrent [O(d)],num_overwrites,1,30,0.0333,0.1826,0.0,0.0987,0.9667,0.1826,6.008,0.553,5.911,7.134,1.0
interference,interference,fixed_size_recurrent_memory,Fixed-Size Recurrent [O(d)],num_overwrites,2,30,0.0,0.0,0.0,0.0,1.0,0.0,10.704,1.568,10.62,12.982,1.0
interference,interference,fixed_size_recurrent_memory,Fixed-Size Recurrent [O(d)],num_overwrites,3,30,0.0333,0.1826,0.0,0.0987,0.9667,0.1826,13.049,0.771,13.066,14.045,1.0
interference,interference,fixed_size_recurrent_memory,Fixed-Size Recurrent [O(d)],num_overwrites,4,30,0.0,0.0,0.0,0.0,1.0,0.0,15.86,0.574,15.87,16.756,1.0
interference,interference,fixed_size_recurrent_memory,Fixed-Size Recurrent [O(d)],num_overwrites,6,30,0.0,0.0,0.0,0.0,1.0,0.0,17.3,8.599,22.115,25.147,1.0
interference,interference,fixed_size_recurrent_memory,Fixed-Size Recurrent [O(d)],num_overwrites,8,30,0.0,0.0,0.0,0.0,1.0,0.0,7.835,5.789,5.613,23.834,1.0
interference,interference,fixed_size_recurrent_memory,Fixed-Size Recurrent [O(d)],num_overwrites,10,30,0.0,0.0,0.0,0.0,1.0,0.0,10.357,7.237,7.13,28.565,1.0
interference,interference,full_history_reference_baseline,Full-History KV Cache [O(T)],num_overwrites,1,30,1.0,0.0,1.0,1.0,0.0,0.0,4.448,0.351,4.386,4.981,1.0
interference,interference,full_history_reference_baseline,Full-History KV Cache [O(T)],num_overwrites,2,30,0.5333,0.5074,0.3518,0.7149,0.4667,0.5074,7.436,0.714,7.34,8.149,1.0
interference,interference,full_history_reference_baseline,Full-History KV Cache [O(T)],num_overwrites,3,30,0.3,0.4661,0.1332,0.4668,0.7,0.4661,10.017,0.99,9.966,11.201,1.0
interference,interference,full_history_reference_baseline,Full-History KV Cache [O(T)],num_overwrites,4,30,0.1667,0.379,0.031,0.3023,0.8333,0.379,13.744,1.281,13.449,16.866,1.0
interference,interference,full_history_reference_baseline,Full-History KV Cache [O(T)],num_overwrites,6,30,0.2,0.4068,0.0544,0.3456,0.8,0.4068,20.401,1.223,20.155,22.421,1.0
interference,interference,full_history_reference_baseline,Full-History KV Cache [O(T)],num_overwrites,8,30,0.0667,0.2537,0.0,0.1575,0.9333,0.2537,25.932,1.791,26.249,28.615,1.0
interference,interference,full_history_reference_baseline,Full-History KV Cache [O(T)],num_overwrites,10,30,0.1,0.3051,0.0,0.2092,0.9,0.3051,35.185,8.032,33.329,49.612,1.0
memory_capacity,memory_capacity,educational_evolving_memory_toy,Educational Evolving Toy [O(1)],num_pairs,1,30,1.0,0.0,1.0,1.0,0.0,0.0,1.212,0.913,0.901,3.4,1.0
memory_capacity,memory_capacity,educational_evolving_memory_toy,Educational Evolving Toy [O(1)],num_pairs,2,30,0.4333,0.504,0.253,0.6137,0.5667,0.504,2.472,2.023,1.395,6.456,1.0
memory_capacity,memory_capacity,educational_evolving_memory_toy,Educational Evolving Toy [O(1)],num_pairs,4,30,0.1333,0.3457,0.0096,0.2571,0.8667,0.3457,2.471,0.258,2.439,2.939,1.0
memory_capacity,memory_capacity,educational_evolving_memory_toy,Educational Evolving Toy [O(1)],num_pairs,8,30,0.0667,0.2537,0.0,0.1575,0.9333,0.2537,5.901,4.304,4.325,18.243,1.0
memory_capacity,memory_capacity,educational_evolving_memory_toy,Educational Evolving Toy [O(1)],num_pairs,12,30,0.1333,0.3457,0.0096,0.2571,0.8667,0.3457,8.484,6.779,6.153,24.664,1.0
memory_capacity,memory_capacity,educational_evolving_memory_toy,Educational Evolving Toy [O(1)],num_pairs,16,30,0.1333,0.3457,0.0096,0.2571,0.8667,0.3457,27.459,19.132,30.159,51.244,1.0
memory_capacity,memory_capacity,educational_evolving_memory_toy,Educational Evolving Toy [O(1)],num_pairs,24,30,0.0333,0.1826,0.0,0.0987,0.9667,0.1826,65.806,8.1,64.758,76.686,1.0
memory_capacity,memory_capacity,educational_evolving_memory_toy,Educational Evolving Toy [O(1)],num_pairs,32,30,0.0,0.0,0.0,0.0,1.0,0.0,84.403,8.411,82.353,99.33,1.0
memory_capacity,memory_capacity,fixed_size_recurrent_memory,Fixed-Size Recurrent [O(d)],num_pairs,1,30,0.7333,0.4498,0.5724,0.8943,0.2667,0.4498,0.813,0.161,0.808,1.132,1.0
memory_capacity,memory_capacity,fixed_size_recurrent_memory,Fixed-Size Recurrent [O(d)],num_pairs,2,30,0.3,0.4661,0.1332,0.4668,0.7,0.4661,1.069,0.075,1.067,1.147,1.0
memory_capacity,memory_capacity,fixed_size_recurrent_memory,Fixed-Size Recurrent [O(d)],num_pairs,4,30,0.0667,0.2537,0.0,0.1575,0.9333,0.2537,3.353,2.395,1.871,7.342,1.0
memory_capacity,memory_capacity,fixed_size_recurrent_memory,Fixed-Size Recurrent [O(d)],num_pairs,8,30,0.0,0.0,0.0,0.0,1.0,0.0,7.572,4.891,3.795,13.952,1.0
memory_capacity,memory_capacity,fixed_size_recurrent_memory,Fixed-Size Recurrent [O(d)],num_pairs,12,30,0.0333,0.1826,0.0,0.0987,0.9667,0.1826,7.492,5.645,4.451,18.655,1.0
memory_capacity,memory_capacity,fixed_size_recurrent_memory,Fixed-Size Recurrent [O(d)],num_pairs,16,30,0.0,0.0,0.0,0.0,1.0,0.0,12.106,8.859,5.842,26.507,1.0
memory_capacity,memory_capacity,fixed_size_recurrent_memory,Fixed-Size Recurrent [O(d)],num_pairs,24,30,0.0,0.0,0.0,0.0,1.0,0.0,13.088,8.734,8.954,33.329,1.0
memory_capacity,memory_capacity,fixed_size_recurrent_memory,Fixed-Size Recurrent [O(d)],num_pairs,32,30,0.0333,0.1826,0.0,0.0987,0.9667,0.1826,18.702,11.769,12.28,43.125,1.0
memory_capacity,memory_capacity,full_history_reference_baseline,Full-History KV Cache [O(T)],num_pairs,1,30,1.0,0.0,1.0,1.0,0.0,0.0,0.544,0.078,0.525,0.633,1.0
memory_capacity,memory_capacity,full_history_reference_baseline,Full-History KV Cache [O(T)],num_pairs,2,30,1.0,0.0,1.0,1.0,0.0,0.0,0.88,0.416,0.785,1.078,1.0
memory_capacity,memory_capacity,full_history_reference_baseline,Full-History KV Cache [O(T)],num_pairs,4,30,1.0,0.0,1.0,1.0,0.0,0.0,2.701,1.549,2.196,6.108,1.0
memory_capacity,memory_capacity,full_history_reference_baseline,Full-History KV Cache [O(T)],num_pairs,8,30,1.0,0.0,1.0,1.0,0.0,0.0,6.2,4.259,3.305,12.405,1.0
memory_capacity,memory_capacity,full_history_reference_baseline,Full-History KV Cache [O(T)],num_pairs,12,30,1.0,0.0,1.0,1.0,0.0,0.0,6.693,5.264,3.554,16.556,1.0
memory_capacity,memory_capacity,full_history_reference_baseline,Full-History KV Cache [O(T)],num_pairs,16,30,1.0,0.0,1.0,1.0,0.0,0.0,7.545,6.375,4.697,20.159,1.0
memory_capacity,memory_capacity,full_history_reference_baseline,Full-History KV Cache [O(T)],num_pairs,24,30,1.0,0.0,1.0,1.0,0.0,0.0,8.55,6.996,6.124,25.878,1.0
memory_capacity,memory_capacity,full_history_reference_baseline,Full-History KV Cache [O(T)],num_pairs,32,30,1.0,0.0,1.0,1.0,0.0,0.0,10.722,7.946,7.897,30.275,1.0
sequence_length,long_horizon_recall,educational_evolving_memory_toy,Educational Evolving Toy [O(1)],sequence_length,16,30,0.2667,0.4498,0.1057,0.4276,0.7333,0.4498,3.889,0.295,3.818,4.377,1.0
sequence_length,long_horizon_recall,educational_evolving_memory_toy,Educational Evolving Toy [O(1)],sequence_length,32,30,0.1667,0.379,0.031,0.3023,0.8333,0.379,9.499,8.3,5.117,29.937,1.0
sequence_length,long_horizon_recall,educational_evolving_memory_toy,Educational Evolving Toy [O(1)],sequence_length,64,30,0.3333,0.4795,0.1618,0.5049,0.6667,0.4795,12.307,8.854,9.07,30.328,1.0
sequence_length,long_horizon_recall,educational_evolving_memory_toy,Educational Evolving Toy [O(1)],sequence_length,128,30,0.3667,0.4901,0.1913,0.5421,0.6333,0.4901,20.963,12.235,17.422,28.195,1.0
sequence_length,long_horizon_recall,educational_evolving_memory_toy,Educational Evolving Toy [O(1)],sequence_length,256,30,0.2,0.4068,0.0544,0.3456,0.8,0.4068,39.636,14.587,35.91,66.526,1.0
sequence_length,long_horizon_recall,educational_evolving_memory_toy,Educational Evolving Toy [O(1)],sequence_length,512,30,0.2333,0.4302,0.0794,0.3873,0.7667,0.4302,72.609,17.477,69.165,82.729,1.0
sequence_length,long_horizon_recall,educational_evolving_memory_toy,Educational Evolving Toy [O(1)],sequence_length,1024,30,0.3,0.4661,0.1332,0.4668,0.7,0.4661,175.128,95.334,139.158,368.014,1.0
sequence_length,long_horizon_recall,fixed_size_recurrent_memory,Fixed-Size Recurrent [O(d)],sequence_length,16,30,0.1333,0.3457,0.0096,0.2571,0.8667,0.3457,7.51,4.912,3.944,14.083,1.0
sequence_length,long_horizon_recall,fixed_size_recurrent_memory,Fixed-Size Recurrent [O(d)],sequence_length,32,30,0.0,0.0,0.0,0.0,1.0,0.0,9.597,6.653,6.494,25.928,1.0
sequence_length,long_horizon_recall,fixed_size_recurrent_memory,Fixed-Size Recurrent [O(d)],sequence_length,64,30,0.0,0.0,0.0,0.0,1.0,0.0,22.682,16.091,12.463,48.61,1.0
sequence_length,long_horizon_recall,fixed_size_recurrent_memory,Fixed-Size Recurrent [O(d)],sequence_length,128,30,0.0,0.0,0.0,0.0,1.0,0.0,33.118,21.514,24.324,80.671,1.0
sequence_length,long_horizon_recall,fixed_size_recurrent_memory,Fixed-Size Recurrent [O(d)],sequence_length,256,30,0.0,0.0,0.0,0.0,1.0,0.0,65.187,32.963,49.632,119.965,1.0
sequence_length,long_horizon_recall,fixed_size_recurrent_memory,Fixed-Size Recurrent [O(d)],sequence_length,512,30,0.0,0.0,0.0,0.0,1.0,0.0,138.717,37.951,144.309,197.064,1.0
sequence_length,long_horizon_recall,fixed_size_recurrent_memory,Fixed-Size Recurrent [O(d)],sequence_length,1024,30,0.0,0.0,0.0,0.0,1.0,0.0,234.221,30.691,227.145,276.678,1.0
sequence_length,long_horizon_recall,full_history_reference_baseline,Full-History KV Cache [O(T)],sequence_length,16,30,1.0,0.0,1.0,1.0,0.0,0.0,14.968,2.048,14.759,16.906,1.0
sequence_length,long_horizon_recall,full_history_reference_baseline,Full-History KV Cache [O(T)],sequence_length,32,30,1.0,0.0,1.0,1.0,0.0,0.0,26.307,1.533,26.241,29.172,1.0
sequence_length,long_horizon_recall,full_history_reference_baseline,Full-History KV Cache [O(T)],sequence_length,64,30,1.0,0.0,1.0,1.0,0.0,0.0,53.482,8.059,50.924,70.221,1.0
sequence_length,long_horizon_recall,full_history_reference_baseline,Full-History KV Cache [O(T)],sequence_length,128,30,1.0,0.0,1.0,1.0,0.0,0.0,98.816,8.327,97.258,111.062,1.0
sequence_length,long_horizon_recall,full_history_reference_baseline,Full-History KV Cache [O(T)],sequence_length,256,30,1.0,0.0,1.0,1.0,0.0,0.0,178.557,17.243,174.016,201.644,1.0
sequence_length,long_horizon_recall,full_history_reference_baseline,Full-History KV Cache [O(T)],sequence_length,512,30,1.0,0.0,1.0,1.0,0.0,0.0,361.922,23.282,354.173,399.941,1.0
sequence_length,long_horizon_recall,full_history_reference_baseline,Full-History KV Cache [O(T)],sequence_length,1024,30,1.0,0.0,1.0,1.0,0.0,0.0,379.678,259.139,222.86,798.023,1.0
